{
    "criteria": {
        "b12": {
            "trigger": "minecraft:location",
            "conditions": {
                "player": {
                    "location": {
                        "position": {
                            "x": {
                                "min": 1890,
                                "max": 1894
                            },
                            "y": {
                                "max": 58,
                                "min": 56
                            },
                            "z": {
                                "max": 240,
                                "min": 236
                            }
                        }
                    }
                }
            }
        }
    },
    "rewards": {
        "experience": 10
    },
    "display": {
        "title": {
            "text": "QweSteR's Haven"
        },
        "frame": "task",
        "hidden": false,
        "description": {
            "text": "Найти хранилище QweSteR'а."
        },
        "show_toast": true,
        "icon": {
            "item": "minecraft:compass"
        },
        "announce_to_chat": true
    },
    "parent": "rc_adv:dist_b"
}
