{
    "display": {
        "hidden": false,
        "title": {
            "text": "Parthenon Park"
        },
        "announce_to_chat": true,
        "frame": "goal",
        "description": {
            "text": "Угадать приз."
        },
        "icon": {
            "item": "minecraft:ender_chest"
        },
        "show_toast": true
    },
    "rewards": {
        "experience": 10
    },
    "criteria": {
        "b2": {
            "trigger": "minecraft:location",
            "conditions": {
                "player": {
                    "location": {
                        "position": {
                            "z": {
                                "max": 173,
                                "min": 161
                            },
                            "x": {
                                "min": 1903,
                                "max": 1907
                            },
                            "y": {
                                "max": 62,
                                "min": 60
                            }
                        }
                    }
                }
            }
        }
    },
    "parent": "rc_adv:dist_b"
}
