{
    "criteria": {
        "b4": {
            "trigger": "minecraft:location",
            "conditions": {
                "player": {
                    "location": {
                        "position": {
                            "y": {
                                "max": 161,
                                "min": 147
                            },
                            "z": {
                                "max": 131,
                                "min": 117
                            },
                            "x": {
                                "min": 2000,
                                "max": 2014
                            }
                        }
                    }
                }
            }
        }
    },
    "display": {
        "announce_to_chat": true,
        "show_toast": true,
        "hidden": false,
        "description": {
            "text": "Достигнуть вершины \"B4\"."
        },
        "frame": "task",
        "title": {
            "text": "New Swamp"
        },
        "icon": {
            "item": "minecraft:elytra"
        }
    },
    "rewards": {
        "experience": 30
    },
    "parent": "rc_adv:dist_b"
}
