{
    "display": {
        "hidden": false,
        "icon": {
            "item": "minecraft:iron_sword"
        },
        "show_toast": true,
        "announce_to_chat": true,
        "frame": "task",
        "description": {
            "text": "Призвать злой дух."
        },
        "title": {
            "text": "Innocent Victim"
        }
    },
    "rewards": {
        "experience": 20
    },
    "criteria": {
        "b4d1": {
            "trigger": "minecraft:player_killed_entity",
            "conditions": {
                "entity": {
                    "type": "minecraft:blaze",
                    "location": {
                        "position": {
                            "x": {
                                "max": 2016,
                                "min": 1998
                            },
                            "y": {
                                "min": 43,
                                "max": 45
                            },
                            "z": {
                                "min": 103,
                                "max": 121
                            }
                        }
                    }
                }
            }
        }
    },
    "parent": "rc_adv:b4d1"
}
