{
    "rewards": {
        "experience": 20
    },
    "display": {
        "announce_to_chat": true,
        "frame": "goal",
        "icon": {
            "item": "minecraft:chest"
        },
        "description": {
            "text": "Пробраться к могилам за оградой."
        },
        "hidden": false,
        "show_toast": true,
        "title": {
            "text": "Mortuary"
        }
    },
    "criteria": {
        "b4d1": {
            "trigger": "minecraft:location",
            "conditions": {
                "player": {
                    "location": {
                        "position": {
                            "y": {
                                "min": 43,
                                "max": 45
                            },
                            "z": {
                                "min": 103,
                                "max": 109
                            },
                            "x": {
                                "min": 1998,
                                "max": 2004
                            }
                        }
                    }
                }
            }
        }
    },
    "parent": "rc_adv:b4d"
}
