{
    "rewards": {
        "experience": 20
    },
    "display": {
        "frame": "goal",
        "icon": {
            "item": "minecraft:ladder"
        },
        "description": {
            "text": "Подняться на вершину."
        },
        "announce_to_chat": true,
        "show_toast": true,
        "hidden": false,
        "title": {
            "text": "Underground Parkur"
        }
    },
    "criteria": {
        "b4d2": {
            "trigger": "minecraft:location",
            "conditions": {
                "player": {
                    "location": {
                        "position": {
                            "z": {
                                "max": 122,
                                "min": 117
                            },
                            "y": {
                                "min": 53,
                                "max": 55
                            },
                            "x": {
                                "max": 1976,
                                "min": 1971
                            }
                        }
                    }
                }
            }
        }
    },
    "parent": "rc_adv:b4d"
}
