{
    "rewards": {
        "experience": 20
    },
    "criteria": {
        "b6": {
            "trigger": "minecraft:location",
            "conditions": {
                "player": {
                    "location": {
                        "position": {
                            "z": {
                                "max": 252,
                                "min": 245
                            },
                            "x": {
                                "min": 2010,
                                "max": 2012
                            },
                            "y": {
                                "min": 77,
                                "max": 79
                            }
                        }
                    }
                }
            }
        }
    },
    "display": {
        "show_toast": true,
        "frame": "task",
        "icon": {
            "item": "minecraft:chest"
        },
        "hidden": false,
        "announce_to_chat": true,
        "description": {
            "text": "Найти хранилище тюремщика."
        },
        "title": {
            "text": "Jailer's Vault"
        }
    },
    "parent": "rc_adv:b6"
}
