{
    "criteria": {
        "b6d1": {
            "trigger": "minecraft:location",
            "conditions": {
                "player": {
                    "location": {
                        "position": {
                            "z": {
                                "min": 261,
                                "max": 268
                            },
                            "x": {
                                "min": 1971,
                                "max": 1975
                            },
                            "y": {
                                "max": 53,
                                "min": 49
                            }
                        }
                    }
                }
            }
        }
    },
    "rewards": {
        "experience": 10
    },
    "display": {
        "show_toast": true,
        "icon": {
            "item": "minecraft:compass"
        },
        "description": {
            "text": "Найти телепорт."
        },
        "hidden": false,
        "frame": "task",
        "title": {
            "text": "Secret Teleport"
        },
        "announce_to_chat": true
    },
    "parent": "rc_adv:b6d"
}
