{
    "rewards": {
        "experience": 10
    },
    "criteria": {
        "b7": {
            "trigger": "minecraft:location",
            "conditions": {
                "player": {
                    "location": {
                        "position": {
                            "x": {
                                "max": 1928,
                                "min": 1922
                            },
                            "z": {
                                "min": 266,
                                "max": 271
                            },
                            "y": {
                                "max": 70,
                                "min": 68
                            }
                        }
                    }
                }
            }
        }
    },
    "display": {
        "show_toast": true,
        "announce_to_chat": true,
        "hidden": false,
        "description": {
            "text": "Найти тайник судьи."
        },
        "icon": {
            "item": "minecraft:compass"
        },
        "title": {
            "text": "Court of Justice"
        },
        "frame": "task"
    },
    "parent": "rc_adv:dist_b"
}
