{
    "criteria": {
        "c2": {
            "trigger": "minecraft:location",
            "conditions": {
                "player": {
                    "location": {
                        "position": {
                            "x": {
                                "min": 2007,
                                "max": 2014
                            },
                            "z": {
                                "min": 5,
                                "max": 11
                            },
                            "y": {
                                "min": 59,
                                "max": 61
                            }
                        }
                    }
                }
            }
        }
    },
    "display": {
        "show_toast": true,
        "description": {
            "text": "Открыть кодовую дверь."
        },
        "icon": {
            "item": "minecraft:warped_button"
        },
        "title": {
            "text": "Lockbreaker 2"
        },
        "frame": "task",
        "announce_to_chat": true,
        "hidden": false
    },
    "rewards": {
        "experience": 20
    },
    "parent": "rc_adv:dist_c"
}
