{
    "rewards": {
        "experience": 20
    },
    "criteria": {
        "c3": {
            "trigger": "minecraft:location",
            "conditions": {
                "player": {
                    "location": {
                        "position": {
                            "z": {
                                "max": -30,
                                "min": -35
                            },
                            "x": {
                                "max": 2023,
                                "min": 2017
                            },
                            "y": {
                                "min": 60,
                                "max": 62
                            }
                        }
                    }
                }
            }
        }
    },
    "display": {
        "show_toast": true,
        "description": {
            "text": "Забрать алмазную броню."
        },
        "frame": "task",
        "title": {
            "text": "You're not alone"
        },
        "hidden": false,
        "icon": {
            "item": "minecraft:chest"
        },
        "announce_to_chat": true
    },
    "parent": "rc_adv:dist_c"
}
