{
    "display": {
        "description": {
            "text": "Угадать приз."
        },
        "title": {
            "text": "Radiant Palace"
        },
        "hidden": false,
        "icon": {
            "item": "minecraft:ender_chest"
        },
        "announce_to_chat": true,
        "show_toast": true,
        "frame": "task"
    },
    "rewards": {
        "experience": 10
    },
    "criteria": {
        "c7": {
            "trigger": "minecraft:location",
            "conditions": {
                "player": {
                    "location": {
                        "position": {
                            "x": {
                                "max": 1881,
                                "min": 1878
                            },
                            "y": {
                                "max": 84,
                                "min": 82
                            },
                            "z": {
                                "min": -40,
                                "max": -34
                            }
                        }
                    }
                }
            }
        }
    },
    "parent": "rc_adv:dist_c"
}
