{
    "rewards": {
        "experience": 10
    },
    "display": {
        "title": {
            "text": "Geeks Lair"
        },
        "icon": {
            "item": "minecraft:compass"
        },
        "frame": "task",
        "announce_to_chat": true,
        "show_toast": true,
        "description": {
            "text": "Найти логово D&D-гиков."
        },
        "hidden": false
    },
    "criteria": {
        "d4": {
            "trigger": "minecraft:location",
            "conditions": {
                "player": {
                    "location": {
                        "position": {
                            "x": {
                                "min": 1800,
                                "max": 1814
                            },
                            "y": {
                                "min": 97,
                                "max": 99
                            },
                            "z": {
                                "max": 47,
                                "min": 38
                            }
                        }
                    }
                }
            }
        }
    },
    "parent": "rc_adv:dist_d"
}
