{
    "display": {
        "show_toast": true,
        "announce_to_chat": true,
        "hidden": false,
        "title": {
            "text": "Art Museum"
        },
        "frame": "task",
        "icon": {
            "item": "minecraft:compass"
        },
        "description": {
            "text": "Посетить выставку истории редстоуна."
        }
    },
    "rewards": {
        "experience": 10
    },
    "criteria": {
        "d6": {
            "trigger": "minecraft:location",
            "conditions": {
                "player": {
                    "location": {
                        "position": {
                            "x": {
                                "max": 1830,
                                "min": 1824
                            },
                            "y": {
                                "min": 76,
                                "max": 78
                            },
                            "z": {
                                "min": 84,
                                "max": 90
                            }
                        }
                    }
                }
            }
        }
    },
    "parent": "rc_adv:dist_d"
}
