{
    "criteria": {
        "d7": {
            "trigger": "minecraft:location",
            "conditions": {
                "player": {
                    "location": {
                        "position": {
                            "y": {
                                "min": 300,
                                "max": 310
                            },
                            "x": {
                                "min": 1,
                                "max": 2
                            },
                            "z": {
                                "max": 2,
                                "min": 1
                            }
                        }
                    }
                }
            }
        }
    },
    "display": {
        "title": {
            "text": "Dragon Summoner"
        },
        "icon": {
            "item": "minecraft:hopper"
        },
        "show_toast": true,
        "hidden": false,
        "description": {
            "text": "Положить на алтарь 4 \"Dragon Egg\"."
        },
        "frame": "goal",
        "announce_to_chat": true
    },
    "rewards": {
        "experience": 50
    },
    "parent": "rc_adv:d7"
}
