{
    "criteria": {
        "d7": {
            "trigger": "minecraft:location",
            "conditions": {
                "player": {
                    "location": {
                        "position": {
                            "x": {
                                "min": 1,
                                "max": 2
                            },
                            "z": {
                                "max": 2,
                                "min": 1
                            },
                            "y": {
                                "max": 310,
                                "min": 300
                            }
                        }
                    }
                }
            }
        }
    },
    "rewards": {
        "experience": 50
    },
    "display": {
        "frame": "task",
        "show_toast": true,
        "icon": {
            "item": "minecraft:hopper"
        },
        "hidden": false,
        "title": {
            "text": "Dragon Exorcist"
        },
        "description": {
            "text": "Положить на алтарь 4 \"Diamond Sword\"."
        },
        "announce_to_chat": true
    },
    "parent": "rc_adv:d7_1"
}
