{
    "criteria": {
        "dd1": {
            "trigger": "minecraft:location",
            "conditions": {
                "player": {
                    "location": {
                        "position": {
                            "z": {
                                "min": 1,
                                "max": 2
                            },
                            "x": {
                                "max": 2,
                                "min": 1
                            },
                            "y": {
                                "min": 300,
                                "max": 310
                            }
                        }
                    }
                }
            }
        }
    },
    "display": {
        "icon": {
            "item": "minecraft:ender_chest"
        },
        "title": {
            "text": "Challenge"
        },
        "hidden": false,
        "show_toast": true,
        "frame": "goal",
        "announce_to_chat": true,
        "description": {
            "text": "Угадать приз."
        }
    },
    "rewards": {
        "experience": 10
    },
    "parent": "rc_adv:d_d"
}
