{
    "criteria": {
        "districtI": {
            "trigger": "minecraft:location"
        }
    },
    "display": {
        "title": {
            "text": "District I"
        },
        "description": {
            "text": "Район основан в 2019 году."
        },
        "icon": {
            "item": "minecraft:yellow_banner"
        },
        "frame": "task",
        "show_toast": false,
        "announce_to_chat": false,
        "hidden": false
    },
    "parent": "rc_adv:root"
}
