{
    "rewards": {
        "experience": 10
    },
    "display": {
        "show_toast": true,
        "icon": {
            "item": "minecraft:compass"
        },
        "announce_to_chat": true,
        "frame": "task",
        "description": {
            "text": "Посетить библиотеку."
        },
        "title": {
            "text": "Knowledge is Power!"
        },
        "hidden": false
    },
    "criteria": {
        "e1": {
            "trigger": "minecraft:location",
            "conditions": {
                "player": {
                    "location": {
                        "position": {
                            "z": {
                                "max": 2,
                                "min": 1
                            },
                            "y": {
                                "max": 310,
                                "min": 300
                            },
                            "x": {
                                "max": 2,
                                "min": 1
                            }
                        }
                    }
                }
            }
        }
    },
    "parent": "rc_adv:e1"
}
