{
    "rewards": {
        "experience": 100
    },
    "display": {
        "show_toast": true,
        "icon": {
            "item": "minecraft:paper"
        },
        "announce_to_chat": true,
        "frame": "task",
        "description": {
            "text": "Верный шифр!"
        },
        "title": {
            "text": "E1L1B CIPHER"
        },
        "hidden": false
    },
    "criteria": {
        "e1": {
            "trigger": "minecraft:location",
            "conditions": {
                "player": {
                    "location": {
                        "position": {
                            "z": {
                                "max": 2,
                                "min": 1
                            },
                            "y": {
                                "max": 310,
                                "min": 300
                            },
                            "x": {
                                "max": 2,
                                "min": 1
                            }
                        }
                    }
                }
            }
        }
    },
    "parent": "rc_adv:e1_1"
}
