{
    "display": {
        "show_toast": true,
        "frame": "task",
        "icon": {
            "item": "minecraft:compass"
        },
        "description": {
            "text": "Найти квартиру директора."
        },
        "title": {
            "text": "Oceania Theater"
        },
        "announce_to_chat": true,
        "hidden": false
    },
    "criteria": {
        "e2": {
            "trigger": "minecraft:location",
            "conditions": {
                "player": {
                    "location": {
                        "position": {
                            "y": {
                                "min": 94,
                                "max": 96
                            },
                            "z": {
                                "min": 57,
                                "max": 61
                            },
                            "x": {
                                "min": 1675,
                                "max": 1679
                            }
                        }
                    }
                }
            }
        }
    },
    "rewards": {
        "experience": 10
    },
    "parent": "rc_adv:dist_e"
}
