{
    "display": {
        "show_toast": true,
        "announce_to_chat": true,
        "icon": {
            "item": "minecraft:elytra"
        },
        "title": {
            "text": "Lighthouse"
        },
        "frame": "task",
        "hidden": false,
        "description": {
            "text": "Достигнуть вершины."
        }
    },
    "criteria": {
        "e3": {
            "trigger": "minecraft:location",
            "conditions": {
                "player": {
                    "location": {
                        "position": {
                            "y": {
                                "min": 148,
                                "max": 155
                            },
                            "z": {
                                "min": -65,
                                "max": -61
                            },
                            "x": {
                                "max": 1560,
                                "min": 1556
                            }
                        }
                    }
                }
            }
        }
    },
    "rewards": {
        "experience": 30
    },
    "parent": "rc_adv:dist_e"
}
