{
    "rewards": {
        "experience": 10
    },
    "display": {
        "icon": {
            "item": "minecraft:compass"
        },
        "show_toast": true,
        "title": {
            "text": "Hidden Apartment"
        },
        "announce_to_chat": true,
        "frame": "task",
        "description": {
            "text": "Найти квартиру банкира."
        },
        "hidden": false
    },
    "criteria": {
        "e6": {
            "trigger": "minecraft:location",
            "conditions": {
                "player": {
                    "location": {
                        "position": {
                            "y": {
                                "min": 79,
                                "max": 81
                            },
                            "z": {
                                "max": 79,
                                "min": 77
                            },
                            "x": {
                                "min": 1589,
                                "max": 1591
                            }
                        }
                    }
                }
            }
        }
    },
    "parent": "rc_adv:e6"
}
