{
    "display": {
        "frame": "challenge",
        "announce_to_chat": true,
        "title": {
            "text": "Robber"
        },
        "icon": {
            "item": "minecraft:spruce_door"
        },
        "description": {
            "text": "Проникнуть в хранилище банка."
        },
        "show_toast": true,
        "hidden": false
    },
    "criteria": {
        "e6": {
            "trigger": "minecraft:location",
            "conditions": {
                "player": {
                    "location": {
                        "position": {
                            "z": {
                                "min": 76,
                                "max": 84
                            },
                            "y": {
                                "min": 65,
                                "max": 67
                            },
                            "x": {
                                "max": 1576,
                                "min": 1569
                            }
                        }
                    }
                }
            }
        }
    },
    "rewards": {
        "experience": 100
    },
    "parent": "rc_adv:e6_1"
}
