{
    "criteria": {
        "ed1": {
            "trigger": "minecraft:location",
            "conditions": {
                "player": {
                    "location": {
                        "position": {
                            "z": {
                                "min": 2,
                                "max": 5
                            },
                            "y": {
                                "min": 58,
                                "max": 60
                            },
                            "x": {
                                "min": 1556,
                                "max": 1559
                            }
                        }
                    }
                }
            }
        }
    },
    "display": {
        "description": {
            "text": "Открыть кодовую дверь."
        },
        "show_toast": true,
        "announce_to_chat": true,
        "icon": {
            "item": "minecraft:warped_button"
        },
        "hidden": false,
        "frame": "challenge",
        "title": {
            "text": "Lockbreaker 3"
        }
    },
    "parent": "rc_adv:e_d"
}
