{
    "rewards": {
        "experience": 20
    },
    "display": {
        "show_toast": true,
        "title": {
            "text": "Gostiny Dvor"
        },
        "description": {
            "text": "Подняться на вершину."
        },
        "frame": "task",
        "icon": {
            "item": "minecraft:ladder"
        },
        "hidden": false,
        "announce_to_chat": true
    },
    "criteria": {
        "f10": {
            "trigger": "minecraft:location",
            "conditions": {
                "player": {
                    "location": {
                        "position": {
                            "x": {
                                "min": 1663,
                                "max": 1667
                            },
                            "z": {
                                "min": 243,
                                "max": 245
                            },
                            "y": {
                                "min": 154,
                                "max": 155
                            }
                        }
                    }
                }
            }
        }
    },
    "parent": "rc_adv:dist_f"
}
