{
    "display": {
        "show_toast": true,
        "announce_to_chat": true,
        "icon": {
            "item": "minecraft:chest"
        },
        "description": {
            "text": "Проникнуть в офис."
        },
        "title": {
            "text": "Locked Office"
        },
        "frame": "task",
        "hidden": false
    },
    "criteria": {
        "f10": {
            "trigger": "minecraft:location",
            "conditions": {
                "player": {
                    "location": {
                        "position": {
                            "x": {
                                "min": 1667,
                                "max": 1671
                            },
                            "z": {
                                "min": 217,
                                "max": 221
                            },
                            "y": {
                                "max": 98,
                                "min": 96
                            }
                        }
                    }
                }
            }
        }
    },
    "rewards": {
        "experience": 20
    },
    "parent": "rc_adv:f10"
}
