{
    "rewards": {
        "experience": 20
    },
    "criteria": {
        "f2": {
            "trigger": "minecraft:location",
            "conditions": {
                "player": {
                    "location": {
                        "position": {
                            "z": {
                                "max": 297,
                                "min": 257
                            },
                            "x": {
                                "max": 1611,
                                "min": 1589
                            },
                            "y": {
                                "min": 226,
                                "max": 231
                            }
                        }
                    }
                }
            }
        }
    },
    "display": {
        "frame": "task",
        "hidden": false,
        "description": {
            "text": "Подняться на вершину."
        },
        "icon": {
            "item": "minecraft:ladder"
        },
        "announce_to_chat": true,
        "title": {
            "text": "Sony Tower"
        },
        "show_toast": true
    },
    "parent": "rc_adv:dist_f"
}
