{
    "display": {
        "announce_to_chat": true,
        "frame": "task",
        "description": {
            "text": "Прыгнуть и выжить."
        },
        "icon": {
            "item": "minecraft:slime_block"
        },
        "title": {
            "text": "Leap of Faith"
        },
        "show_toast": true,
        "hidden": false
    },
    "criteria": {
        "f2": {
            "trigger": "minecraft:location",
            "conditions": {
                "player": {
                    "location": {
                        "position": {
                            "x": {
                                "max": 1597,
                                "min": 1593
                            },
                            "z": {
                                "min": 299,
                                "max": 305
                            },
                            "y": {
                                "min": 224,
                                "max": 230
                            }
                        }
                    }
                }
            }
        }
    },
    "rewards": {
        "experience": 20
    },
    "parent": "rc_adv:f2"
}
