{
    "rewards": {
        "experience": 10
    },
    "criteria": {
        "f3": {
            "trigger": "minecraft:location",
            "conditions": {
                "player": {
                    "location": {
                        "position": {
                            "x": {
                                "min": 1548,
                                "max": 1579
                            },
                            "y": {
                                "min": 219,
                                "max": 221
                            },
                            "z": {
                                "max": 101,
                                "min": 98
                            }
                        }
                    }
                }
            }
        }
    },
    "display": {
        "hidden": false,
        "title": {
            "text": "Citigroup Center"
        },
        "show_toast": true,
        "description": {
            "text": "Подняться на вершину."
        },
        "frame": "task",
        "icon": {
            "item": "minecraft:ladder"
        },
        "announce_to_chat": true
    },
    "parent": "rc_adv:dist_f"
}
