{
    "criteria": {
        "f8": {
            "trigger": "minecraft:location",
            "conditions": {
                "player": {
                    "location": {
                        "position": {
                            "y": {
                                "max": 116,
                                "min": 114
                            },
                            "z": {
                                "max": 153,
                                "min": 149
                            },
                            "x": {
                                "max": 1684,
                                "min": 1676
                            }
                        }
                    }
                }
            }
        }
    },
    "rewards": {
        "experience": 20
    },
    "display": {
        "hidden": false,
        "frame": "task",
        "title": {
            "text": "Lecturer's Office"
        },
        "announce_to_chat": true,
        "show_toast": true,
        "icon": {
            "item": "minecraft:chest"
        },
        "description": {
            "text": "Проникнуть в кабинет лектора."
        }
    },
    "parent": "rc_adv:f8"
}
