{
    "display": {
        "frame": "task",
        "title": {
            "text": "Chamber of Secrets"
        },
        "description": {
            "text": "Найти тайную комнату."
        },
        "hidden": false,
        "show_toast": true,
        "icon": {
            "item": "minecraft:chest"
        },
        "announce_to_chat": true
    },
    "rewards": {
        "experience": 20
    },
    "criteria": {
        "f9": {
            "trigger": "minecraft:location",
            "conditions": {
                "player": {
                    "location": {
                        "position": {
                            "y": {
                                "max": 142,
                                "min": 140
                            },
                            "x": {
                                "max": 1664,
                                "min": 1659
                            },
                            "z": {
                                "max": 279,
                                "min": 276
                            }
                        }
                    }
                }
            }
        }
    },
    "parent": "rc_adv:f9"
}
