{
    "rewards": {
        "experience": 20
    },
    "display": {
        "hidden": false,
        "icon": {
            "item": "minecraft:chest"
        },
        "announce_to_chat": true,
        "show_toast": true,
        "title": {
            "text": "Mission Impossible 1"
        },
        "frame": "task",
        "description": {
            "text": "Проникнуть в хранилище на 11 этаже."
        }
    },
    "criteria": {
        "f9": {
            "trigger": "minecraft:location",
            "conditions": {
                "player": {
                    "location": {
                        "position": {
                            "z": {
                                "max": 293,
                                "min": 293
                            },
                            "y": {
                                "max": 148,
                                "min": 146
                            },
                            "x": {
                                "max": 1665,
                                "min": 1660
                            }
                        }
                    }
                }
            }
        }
    },
    "parent": "rc_adv:f9"
}
