{
    "criteria": {
        "g1": {
            "trigger": "minecraft:location",
            "conditions": {
                "player": {
                    "location": {
                        "position": {
                            "z": {
                                "min": 335,
                                "max": 340
                            },
                            "y": {
                                "max": 202,
                                "min": 200
                            },
                            "x": {
                                "min": 1647,
                                "max": 1652
                            }
                        }
                    }
                }
            }
        }
    },
    "rewards": {
        "experience": 20
    },
    "display": {
        "icon": {
            "item": "minecraft:ladder"
        },
        "frame": "task",
        "show_toast": true,
        "title": {
            "text": "32 Old Slip"
        },
        "announce_to_chat": true,
        "description": {
            "text": "Подняться на вершину."
        },
        "hidden": false
    },
    "parent": "rc_adv:dist_g"
}
