{
    "criteria": {
        "g1": {
            "trigger": "minecraft:location",
            "conditions": {
                "player": {
                    "location": {
                        "position": {
                            "x": {
                                "max": 1667,
                                "min": 1656
                            },
                            "z": {
                                "max": 346,
                                "min": 337
                            },
                            "y": {
                                "max": 138,
                                "min": 98
                            }
                        }
                    }
                }
            }
        }
    },
    "rewards": {
        "experience": 20
    },
    "display": {
        "frame": "task",
        "title": {
            "text": "Druid's Leap"
        },
        "icon": {
            "item": "minecraft:slime_block"
        },
        "description": {
            "text": "Прыгнуть и выжить."
        },
        "announce_to_chat": true,
        "hidden": false,
        "show_toast": true
    },
    "parent": "rc_adv:g1"
}
