{
    "display": {
        "announce_to_chat": true,
        "hidden": false,
        "show_toast": true,
        "title": {
            "text": "190 South LaSalle"
        },
        "frame": "task",
        "icon": {
            "item": "minecraft:ladder"
        },
        "description": {
            "text": "Подняться на вершину."
        }
    },
    "criteria": {
        "g3": {
            "trigger": "minecraft:location",
            "conditions": {
                "player": {
                    "location": {
                        "position": {
                            "x": {
                                "max": 1604,
                                "min": 1601
                            },
                            "z": {
                                "max": 361,
                                "min": 359
                            },
                            "y": {
                                "max": 161,
                                "min": 159
                            }
                        }
                    }
                }
            }
        }
    },
    "parent": "rc_adv:dist_g"
}
