{
    "display": {
        "hidden": false,
        "description": {
            "text": "Проникнуть в хранилище L9B."
        },
        "title": {
            "text": "Locked Vault L9B"
        },
        "frame": "task",
        "show_toast": true,
        "announce_to_chat": true,
        "icon": {
            "item": "minecraft:chest"
        }
    },
    "rewards": {
        "experience": 20
    },
    "criteria": {
        "g3": {
            "trigger": "minecraft:location",
            "conditions": {
                "player": {
                    "location": {
                        "position": {
                            "y": {
                                "min": 133,
                                "max": 135
                            },
                            "x": {
                                "max": 1587,
                                "min": 1582
                            },
                            "z": {
                                "max": 330,
                                "min": 326
                            }
                        }
                    }
                }
            }
        }
    },
    "parent": "rc_adv:g3"
}
