{
    "display": {
        "title": {
            "text": "Horseman"
        },
        "show_toast": true,
        "frame": "goal",
        "hidden": false,
        "description": {
            "text": "Напоить и накормить лошадей."
        },
        "icon": {
            "item": "minecraft:golden_horse_armor"
        },
        "announce_to_chat": true
    },
    "rewards": {
        "experience": 50
    },
    "criteria": {
        "h2": {
            "trigger": "minecraft:location",
            "conditions": {
                "player": {
                    "location": {
                        "light": {
                            "light": {
                                "min": 0,
                                "max": 0
                            }
                        },
                        "position": {
                            "x": {
                                "max": 2,
                                "min": 1
                            },
                            "z": {
                                "min": 1,
                                "max": 2
                            },
                            "y": {
                                "max": 310,
                                "min": 300
                            }
                        }
                    }
                }
            }
        }
    },
    "parent": "rc_adv:dist_h"
}
