{
    "rewards": {
        "experience": 10
    },
    "display": {
        "announce_to_chat": true,
        "icon": {
            "item": "minecraft:lapis_block"
        },
        "description": {
            "text": "Положить на алтарь 5 \"Lapis Lasuli Block\"."
        },
        "title": {
            "text": "Notch's Blessing I"
        },
        "hidden": false,
        "frame": "task",
        "show_toast": true
    },
    "criteria": {
        "h7": {
            "trigger": "minecraft:item_used_on_block",
            "conditions": {
                "location": [
                    {
                        "condition": "minecraft:match_tool",
                        "predicate": {
                            "item": "minecraft:lapis_block",
                            "count": {
                                "max": 5,
                                "min": 5
                            }
                        }
                    },
                    {
                        "condition": "minecraft:location_check",
                        "predicate": {
                            "position": {
                                "z": {
                                    "max": 393,
                                    "min": 389
                                },
                                "y": {
                                    "max": 68,
                                    "min": 66
                                },
                                "x": {
                                    "max": 1931,
                                    "min": 1927
                                }
                            }
                        }
                    }
                ]
            }
        }
    },
    "parent": "rc_adv:h7"
}
