{
    "rewards": {
        "experience": 40
    },
    "criteria": {
        "h7": {
            "trigger": "minecraft:item_used_on_block",
            "conditions": {
                "location": [
                    {
                        "condition": "minecraft:match_tool",
                        "predicate": {
                            "count": {
                                "min": 5,
                                "max": 5
                            },
                            "item": "minecraft:emerald_block"
                        }
                    },
                    {
                        "condition": "minecraft:location_check",
                        "predicate": {
                            "position": {
                                "z": {
                                    "min": 389,
                                    "max": 393
                                },
                                "y": {
                                    "min": 66,
                                    "max": 68
                                },
                                "x": {
                                    "max": 1931,
                                    "min": 1927
                                }
                            }
                        }
                    }
                ]
            }
        }
    },
    "display": {
        "title": {
            "text": "Notch's Blessing IV"
        },
        "icon": {
            "item": "minecraft:emerald_block"
        },
        "frame": "task",
        "announce_to_chat": true,
        "description": {
            "text": "Положить на алтарь 5 \"Block of Emerald\"."
        },
        "show_toast": true,
        "hidden": false
    },
    "parent": "rc_adv:h7_3"
}
