{
    "rewards": {
        "experience": 40
    },
    "criteria": {
        "i5": {
            "trigger": "minecraft:location",
            "conditions": {
                "player": {
                    "location": {
                        "position": {
                            "y": {
                                "max": 129,
                                "min": 127
                            },
                            "x": {
                                "min": 2013,
                                "max": 2019
                            },
                            "z": {
                                "min": 331,
                                "max": 337
                            }
                        }
                    }
                }
            }
        }
    },
    "display": {
        "announce_to_chat": true,
        "hidden": false,
        "description": {
            "text": "Достигнуть вершины."
        },
        "frame": "task",
        "title": {
            "text": "University"
        },
        "icon": {
            "item": "minecraft:firework_rocket"
        },
        "show_toast": true
    },
    "parent": "rc_adv:dist_i"
}
