{
    "criteria": {
        "i5": {
            "trigger": "minecraft:location",
            "conditions": {
                "player": {
                    "location": {
                        "position": {
                            "y": {
                                "min": 98,
                                "max": 100
                            },
                            "z": {
                                "min": 317,
                                "max": 322
                            },
                            "x": {
                                "min": 1959,
                                "max": 1963
                            }
                        }
                    }
                }
            }
        }
    },
    "display": {
        "hidden": false,
        "show_toast": true,
        "frame": "task",
        "announce_to_chat": true,
        "description": {
            "text": "Проникнуть в хранилище Арона."
        },
        "icon": {
            "item": "minecraft:chest"
        },
        "title": {
            "text": "Aron's Vault"
        }
    },
    "rewards": {
        "experience": 10
    },
    "parent": "rc_adv:i5"
}
