{
    "criteria": {
        "i5": {
            "trigger": "minecraft:location",
            "conditions": {
                "player": {
                    "location": {
                        "position": {
                            "z": {
                                "max": 2,
                                "min": 1
                            },
                            "y": {
                                "max": 310,
                                "min": 300
                            },
                            "x": {
                                "max": 2,
                                "min": 1
                            }
                        }
                    }
                }
            }
        }
    },
    "display": {
        "icon": {
            "item": "minecraft:hopper"
        },
        "show_toast": true,
        "announce_to_chat": true,
        "hidden": false,
        "frame": "goal",
        "title": {
            "text": "Mysterious Experiment"
        },
        "description": {
            "text": "Помочь Джебу провести эксперимент."
        }
    },
    "parent": "rc_adv:i5_2"
}
