{
    "display": {
        "title": {
            "bold": false,
            "text": "Radiant City",
            "strikethrough": false,
            "italic": false,
            "obfuscated": false,
            "color": "gold",
            "underlined": false
        },
        "description": {
            "text": "UPD 04.02.22. Adventure, Easy+, NoCheats! ",
            "color": "white"
        },
        "icon": {
            "item": "minecraft:glowstone"
        },
        "frame": "task",
        "show_toast": true,
        "announce_to_chat": true,
        "hidden": false,
        "background": "minecraft:textures/gui/advancements/backgrounds/end.png"
    },
    "criteria": {
        "radiantcity": {
            "trigger": "minecraft:location"
        }
    },
    "rewards": {
        "experience": 10
    }
}
