{
  "ab1": {
    "category": "master",
    "sounds": [
      {
        "name": "ambient/ab1",
        "stream": true
      }
    ]
  },
  "ab2": {
    "category": "master",
    "sounds": [
      {
        "name": "ambient/ab2",
        "stream": true
      }
    ]
  },
  "abl1": {
    "category": "master",
    "sounds": [
      {
        "name": "ambient/long/abl1",
        "stream": true
      }
    ]
  },
  "abl2": {
    "category": "master",
    "sounds": [
      {
        "name": "ambient/long/abl2",
        "stream": true
      }
    ]
  },
  "cbl1": {
    "category": "master",
    "sounds": [
      {
        "name": "combat/long/cbl1",
        "stream": true
      }
    ]
  },
  "cbl2": {
    "category": "master",
    "sounds": [
      {
        "name": "combat/long/cbl2",
        "stream": true
      }
    ]
  },
  "cbl3": {
    "category": "master",
    "sounds": [
      {
        "name": "combat/long/cbl3",
        "stream": true
      }
    ]
  },
  "cbl4": {
    "category": "master",
    "sounds": [
      {
        "name": "combat/long/cbl4",
        "stream": true
      }
    ]
  },
  "cbl5": {
    "category": "master",
    "sounds": [
      {
        "name": "combat/long/cbl5",
        "stream": true
      }
    ]
  },
  "cbl6": {
    "category": "master",
    "sounds": [
      {
        "name": "combat/long/cbl6",
        "stream": true
      }
    ]
  },
  "cbl7": {
    "category": "master",
    "sounds": [
      {
        "name": "combat/long/cbl7",
        "stream": true
      }
    ]
  },
  "cblrandom1": {
    "category": "master",
    "sounds": [
      {
        "name": "combat/long/cbl1",
        "stream": true,
        "weight": 1
      },
      {
        "name": "combat/long/cbl2",
        "stream": true,
        "weight": 1
      },
      {
        "name": "combat/long/cbl3",
        "stream": true,
        "weight": 1
      },
      {
        "name": "combat/long/cbl4",
        "stream": true,
        "weight": 1
      },
      {
        "name": "combat/long/cbl5",
        "stream": true,
        "weight": 1
      }
    ]
  },
  "msl5": {
    "category": "master",
    "sounds": [
      {
        "name": "music/long/msl5",
        "stream": true
      }
    ]
  },
  "msl6": {
    "category": "master",
    "sounds": [
      {
        "name": "music/long/msl6",
        "stream": true
      }
    ]
  },
  "msl7": {
    "category": "master",
    "sounds": [
      {
        "name": "music/long/msl7",
        "stream": true
      }
    ]
  },
  "msl8": {
    "category": "master",
    "sounds": [
      {
        "name": "music/long/msl8",
        "stream": true
      }
    ]
  },
  "msl9": {
    "category": "master",
    "sounds": [
      {
        "name": "music/long/msl9",
        "stream": true
      }
    ]
  },
  "mslrandom1": {
    "category": "master",
    "sounds": [
      {
        "name": "music/long/msl1",
        "stream": true,
        "weight": 1
      },
      {
        "name": "music/long/msl2",
        "stream": true,
        "weight": 1
      }
    ]
  },
  "mslrandom2": {
    "category": "master",
    "sounds": [
      {
        "name": "music/long/msl3",
        "stream": true,
        "weight": 1
      },
      {
        "name": "music/long/msl4",
        "stream": true,
        "weight": 1
      }
    ]
  },
  "evprandom1": {
    "category": "master",
    "sounds": [
      {
        "name": "event/pickup/evp1",
        "stream": true,
        "weight": 1
      },
      {
        "name": "event/pickup/evp2",
        "stream": true,
        "weight": 1
      },
      {
        "name": "event/pickup/evp3",
        "stream": true,
        "weight": 1
      },
      {
        "name": "event/pickup/evp4",
        "stream": true,
        "weight": 1
      },
      {
        "name": "event/pickup/evp5",
        "stream": true,
        "weight": 1
      },
      {
        "name": "event/pickup/evp6",
        "stream": true,
        "weight": 1
      },
      {
        "name": "event/pickup/evp7",
        "stream": true,
        "weight": 1
      }
    ]
  },
  "ev1": {
    "category": "master",
    "sounds": [
      {
        "name": "event/ev1",
        "stream": true
      }
    ]
  },
  "tm1": {
    "category": "master",
    "sounds": [
      {
        "name": "temple/tm1",
        "stream": true
      }
    ]
  },
  "tm2": {
    "category": "master",
    "sounds": [
      {
        "name": "temple/tm2",
        "stream": true
      }
    ]
  },
  "tml1": {
    "category": "master",
    "sounds": [
      {
        "name": "temple/long/tml1",
        "stream": true
      }
    ]
  },
  "tml2": {
    "category": "master",
    "sounds": [
      {
        "name": "temple/long/tml2",
        "stream": true
      }
    ]
  },
  "tmlrandom1": {
    "category": "master",
    "sounds": [
      {
        "name": "temple/long/tml1",
        "stream": true,
        "weight": 1
      },
      {
        "name": "temple/long/tml2",
        "stream": true,
        "weight": 1
      }
    ]
  },
  "twlevilrandom1": {
    "category": "master",
    "sounds": [
      {
        "name": "tower/long/evil/twl1",
        "stream": true,
        "weight": 1
      },
      {
        "name": "tower/long/evil/twl2",
        "stream": true,
        "weight": 1
      }
    ]
  },
  "tprandom1": {
    "category": "master",
    "sounds": [
      {
        "name": "teleport/tp1",
        "stream": true,
        "weight": 1
      },
      {
        "name": "teleport/tp2",
        "stream": true,
        "weight": 1
      },
      {
        "name": "teleport/tp3",
        "stream": true,
        "weight": 1
      }
    ]
  },
  "wn1": {
    "category": "master",
    "sounds": [
      {
        "name": "win/wn1",
        "stream": true
      }
    ]
  },
  "wn2": {
    "category": "master",
    "sounds": [
      {
        "name": "win/wn2",
        "stream": true
      }
    ]
  },
  "wnrandom1": {
    "category": "master",
    "sounds": [
      {
        "name": "win/wn1",
        "stream": true,
        "weight": 1
      },
      {
        "name": "win/wn2",
        "stream": true,
        "weight": 1
      }
    ]
  },
  "wnl1": {
    "category": "master",
    "sounds": [
      {
        "name": "win/long/wnl1",
        "stream": true
      }
    ]
  },
  "wnlrandom1": {
    "category": "master",
    "sounds": [
      {
        "name": "win/long/wnl1",
        "stream": true,
        "weight": 1
      },
      {
        "name": "win/long/wnl2",
        "stream": true,
        "weight": 1
      }
    ]
  }
}